IP 地址,已发送,已接收,丢包率,平均延迟,下载速度 (MB/s)
108.162.195.101,4,4,0.00,65.18,101.23
108.162.195.106,4,4,0.00,65.18,101.23
108.162.195.118,4,4,0.00,65.18,101.23
108.162.195.12,4,4,0.00,65.18,101.23
108.162.195.130,4,4,0.00,65.18,101.23
108.162.195.136,4,4,0.00,65.18,101.23
108.162.195.147,4,4,0.00,65.18,101.23
108.162.195.155,4,4,0.00,65.18,101.23
108.162.195.162,4,4,0.00,65.18,101.23
108.162.195.17,4,4,0.00,65.18,101.23
108.162.195.176,4,4,0.00,65.18,101.23
108.162.195.183,4,4,0.00,65.18,101.23
108.162.195.185,4,4,0.00,65.18,101.23
108.162.195.191,4,4,0.00,65.18,101.23
108.162.195.193,4,4,0.00,65.18,101.23
108.162.195.194,4,4,0.00,65.18,101.23
108.162.195.198,4,4,0.00,65.18,101.23
108.162.195.199,4,4,0.00,65.18,101.23
108.162.195.200,4,4,0.00,65.18,101.23
108.162.195.210,4,4,0.00,65.18,101.23
108.162.195.216,4,4,0.00,65.18,101.23
108.162.195.217,4,4,0.00,65.18,101.23
108.162.195.231,4,4,0.00,65.18,101.23
108.162.195.240,4,4,0.00,65.18,101.23
108.162.195.242,4,4,0.00,65.18,101.23
108.162.195.244,4,4,0.00,65.18,101.23
108.162.195.247,4,4,0.00,65.18,101.23
108.162.195.253,4,4,0.00,65.18,101.23
108.162.195.254,4,4,0.00,65.18,101.23
108.162.195.34,4,4,0.00,65.18,101.23
108.162.195.38,4,4,0.00,65.18,101.23
108.162.195.43,4,4,0.00,65.18,101.23
108.162.195.47,4,4,0.00,65.18,101.23
108.162.195.5,4,4,0.00,65.18,101.23
108.162.195.51,4,4,0.00,65.18,101.23
108.162.195.53,4,4,0.00,65.18,101.23
108.162.195.57,4,4,0.00,65.18,101.23
108.162.195.65,4,4,0.00,65.18,101.23
108.162.195.67,4,4,0.00,65.18,101.23
108.162.195.69,4,4,0.00,65.18,101.23
108.162.195.71,4,4,0.00,65.18,101.23
108.162.195.75,4,4,0.00,65.18,101.23
108.162.195.80,4,4,0.00,65.18,101.23
108.162.195.88,4,4,0.00,65.18,101.23
108.162.195.89,4,4,0.00,65.18,101.23
108.162.195.91,4,4,0.00,65.18,101.23
108.162.195.92,4,4,0.00,65.18,101.23
108.162.195.96,4,4,0.00,65.18,101.23
108.162.195.101,4,4,0.00,65.18,101.23
108.162.195.106,4,4,0.00,65.18,101.23
108.162.195.118,4,4,0.00,65.18,101.23
108.162.195.12,4,4,0.00,65.18,101.23
108.162.195.130,4,4,0.00,65.18,101.23
108.162.195.136,4,4,0.00,65.18,101.23
108.162.195.147,4,4,0.00,65.18,101.23
108.162.195.155,4,4,0.00,65.18,101.23
108.162.195.162,4,4,0.00,65.18,101.23
108.162.195.17,4,4,0.00,65.18,101.23
108.162.195.176,4,4,0.00,65.18,101.23
108.162.195.183,4,4,0.00,65.18,101.23
108.162.195.185,4,4,0.00,65.18,101.23
108.162.195.191,4,4,0.00,65.18,101.23
108.162.195.193,4,4,0.00,65.18,101.23
108.162.195.194,4,4,0.00,65.18,101.23
108.162.195.198,4,4,0.00,65.18,101.23
108.162.195.199,4,4,0.00,65.18,101.23
108.162.195.200,4,4,0.00,65.18,101.23
108.162.195.210,4,4,0.00,65.18,101.23
108.162.195.216,4,4,0.00,65.18,101.23
108.162.195.217,4,4,0.00,65.18,101.23
108.162.195.231,4,4,0.00,65.18,101.23
108.162.195.240,4,4,0.00,65.18,101.23
108.162.195.242,4,4,0.00,65.18,101.23
108.162.195.244,4,4,0.00,65.18,101.23
108.162.195.247,4,4,0.00,65.18,101.23
108.162.195.253,4,4,0.00,65.18,101.23
108.162.195.254,4,4,0.00,65.18,101.23
108.162.195.34,4,4,0.00,65.18,101.23
108.162.195.38,4,4,0.00,65.18,101.23
108.162.195.43,4,4,0.00,65.18,101.23
108.162.195.47,4,4,0.00,65.18,101.23
108.162.195.5,4,4,0.00,65.18,101.23
108.162.195.51,4,4,0.00,65.18,101.23
108.162.195.53,4,4,0.00,65.18,101.23
108.162.195.57,4,4,0.00,65.18,101.23
108.162.195.65,4,4,0.00,65.18,101.23
108.162.195.67,4,4,0.00,65.18,101.23
108.162.195.69,4,4,0.00,65.18,101.23
108.162.195.71,4,4,0.00,65.18,101.23
108.162.195.75,4,4,0.00,65.18,101.23
108.162.195.80,4,4,0.00,65.18,101.23
108.162.195.88,4,4,0.00,65.18,101.23
108.162.195.89,4,4,0.00,65.18,101.23
108.162.195.91,4,4,0.00,65.18,101.23
108.162.195.92,4,4,0.00,65.18,101.23
108.162.195.96,4,4,0.00,65.18,101.23
104.18.233.229,4,4,0.00,65.18,101.23
162.159.129.67,4,4,0.00,25.90,100.17
104.16.134.27,4,4,0.00,28.73,94.19
104.19.223.11,4,4,0.00,25.08,59.35
162.159.135.5,4,4,0.00,24.12,59.09
162.159.44.109,4,4,0.00,65.18,101.23
162.159.44.125,4,4,0.00,65.18,101.23
162.159.44.129,4,4,0.00,65.18,101.23
162.159.44.141,4,4,0.00,65.18,101.23
162.159.44.186,4,4,0.00,65.18,101.23
162.159.44.208,4,4,0.00,65.18,101.23
162.159.44.214,4,4,0.00,65.18,101.23
162.159.44.242,4,4,0.00,65.18,101.23
162.159.44.247,4,4,0.00,65.18,101.23
162.159.44.41,4,4,0.00,65.18,101.23
162.159.44.58,4,4,0.00,65.18,101.23
162.159.44.61,4,4,0.00,65.18,101.23
162.159.44.71,4,4,0.00,65.18,101.23
